<?xml version="1.0" encoding="UTF-8" standalone="yes"?>
<addon id="repository.eip" name="eip's Kodi addons repository" provider-name="eip" version="1.0.1">
  <extension name="eip's Kodi addons repository" point="xbmc.addon.repository">
    <info>https://eip.github.io/kodi.repository.eip/addons/addons.xml</info>
    <checksum>https://eip.github.io/kodi.repository.eip/addons/addons.xml.md5</checksum>
    <datadir zip="true">https://eip.github.io/kodi.repository.eip/addons</datadir>
  </extension>
  <extension point="xbmc.addon.metadata">
    <summary lang="en">Install eip's Kodi addons</summary>
    <description lang="en">Repository for install and update eip's Kodi addons</description>
    <platform>all</platform>
  </extension>
</addon>