<?xml version="1.0" encoding="UTF-8"?>
<addon id="repository.eip" name="eip's Kodi addons" provider-name="eip" version="1.0.0">
  <extension point="xbmc.addon.metadata">
    <summary lang="en">eip's Kodi addons repository</summary>
    <description lang="en">Repository for eip's Kodi addons</description>
    <platform>all</platform>
  </extension>
  <extension name="eip's Kodi addons repository" point="xbmc.addon.repository">
    <info compressed="false">https://eip.github.io/kodi.repository.eip/addons/addons.xml</info>
    <checksum>https://eip.github.io/kodi.repository.eip/addons/addons.xml.md5</checksum>
    <datadir zip="true">https://eip.github.io/kodi.repository.eip/addons</datadir>
  </extension>
</addon>